{"stats":{"minecraft:picked_up":{"minecraft:dirt":1},"minecraft:custom":{"minecraft:jump":153,"minecraft:time_since_rest":3794,"minecraft:damage_dealt":14,"minecraft:deaths":1,"minecraft:damage_taken":360,"minecraft:sprint_one_cm":27573,"minecraft:play_time":10329,"minecraft:walk_on_water_one_cm":4277,"minecraft:time_since_death":3757,"minecraft:walk_one_cm":15055,"minecraft:sneak_time":15,"minecraft:climb_one_cm":214,"minecraft:total_world_time":10329,"minecraft:walk_under_water_one_cm":2099,"minecraft:swim_one_cm":9444,"minecraft:fall_one_cm":3065,"minecraft:fly_one_cm":26612},"minecraft:mined":{"minecraft:grass_block":1,"minecraft:birch_leaves":2},"minecraft:killed_by":{"minecraft:skeleton":1}},"DataVersion":3465}